ABCI,POINT,A_RYB,A_BYT,A_OYP,B_POT,B_MYB,B_BOG,C_RB,C_OP,C_PG
-2,1,#BD0000,#C15400,#E25100,#C618F9,#EB1A4E,#211400,#D40000,#FF6E00,#B900C8
-1.99,0.9975,#BD0000,#C15400,#E35100,#C619F9,#EB1A4E,#221400,#D40000,#FF6E00,#B901C8
-1.98,0.995,#BE0000,#C15500,#E35100,#C71AF9,#EC1A4E,#231500,#D50100,#FF6F00,#BA02C9
-1.97,0.9925,#BE0000,#C15500,#E45200,#C71BF9,#EC1A4F,#231500,#D50100,#FF6F00,#BA02C9
-1.96,0.99,#BF0000,#C25500,#E45200,#C71BF9,#ED1B4F,#241600,#D50200,#FF7000,#BB03C9
-1.95,0.9875,#BF0000,#C25600,#E55200,#C71CFA,#ED1B4F,#251600,#D50200,#FF7000,#BB04CA
-1.94,0.985,#C00000,#C25600,#E55200,#C81DFA,#ED1B4F,#261700,#D60300,#FF7100,#BB05CA
-1.93,0.9825,#C00000,#C25600,#E65200,#C81EFA,#EE1B50,#271700,#D60300,#FF7100,#BC06CB
-1.92,0.98,#C10000,#C25700,#E75300,#C81FFA,#EE1B50,#281800,#D60300,#FF7200,#BC06CB
-1.91,0.9775,#C10000,#C25700,#E75300,#C920FA,#EF1B50,#281800,#D60400,#FF7200,#BD07CB
-1.9,0.975,#C20000,#C25700,#E85300,#C920FA,#EF1B50,#291900,#D70400,#FF7200,#BD08CC
-1.89,0.9725,#C20000,#C35800,#E85300,#C921FA,#EF1C50,#2A1900,#D70500,#FF7300,#BD09CC
-1.88,0.97,#C30000,#C35800,#E95300,#C922FA,#F01C51,#2B1A00,#D70500,#FF7300,#BE09CC
-1.87,0.9675,#C30000,#C35800,#EA5400,#CA23FB,#F01C51,#2C1A00,#D70600,#FF7400,#BE0ACD
-1.86,0.965,#C30000,#C35800,#EA5400,#CA24FB,#F11C51,#2C1B00,#D80600,#FF7400,#BF0BCD
-1.85,0.9625,#C40000,#C35900,#EB5400,#CA25FB,#F11C51,#2D1B00,#D80600,#FF7500,#BF0CCE
-1.84,0.96,#C40000,#C35900,#EB5400,#CA25FB,#F11C52,#2E1C00,#D80700,#FF7500,#BF0DCE
-1.83,0.9575,#C50000,#C35900,#EC5400,#CB26FB,#F21C52,#2F1C00,#D90700,#FF7600,#C00DCE
-1.82,0.955,#C50000,#C45A00,#EC5500,#CB27FB,#F21D52,#301D00,#D90800,#FF7600,#C00ECF
-1.81,0.9525,#C60000,#C45A00,#ED5500,#CB28FB,#F31D52,#311D00,#D90800,#FF7600,#C10FCF
-1.8,0.95,#C60000,#C45A00,#EE5500,#CC29FB,#F31D52,#311E00,#D90900,#FF7700,#C110CF
-1.79,0.9475,#C70000,#C45B00,#EE5500,#CC2AFC,#F31D53,#321E00,#DA0900,#FF7700,#C111D0
-1.78,0.945,#C70000,#C45B00,#EF5500,#CC2AFC,#F41D53,#331F00,#DA0A00,#FF7800,#C211D0
-1.77,0.9425,#C80000,#C45B00,#EF5600,#CC2BFC,#F41D53,#341F00,#DA0A00,#FF7800,#C212D0
-1.76,0.94,#C80000,#C45C00,#F05600,#CD2CFC,#F51D53,#352000,#DA0A00,#FF7900,#C313D1
-1.75,0.9375,#C90000,#C55C00,#F15601,#CD2DFC,#F51E54,#362001,#DB0B00,#FF7900,#C314D1
-1.74,0.935,#C90000,#C55C00,#F15601,#CD2EFC,#F51E54,#362001,#DB0B01,#FF7A00,#C314D2
-1.73,0.9325,#C90000,#C55D00,#F25601,#CE2FFC,#F61E54,#372101,#DB0C01,#FF7A00,#C415D2
-1.72,0.93,#CA0000,#C55D00,#F25701,#CE30FC,#F61E54,#382101,#DB0C01,#FF7B00,#C416D2
-1.71,0.9275,#CA0000,#C55D00,#F35701,#CE30FC,#F71E54,#392201,#DC0D01,#FF7B00,#C517D3
-1.7,0.925,#CB0000,#C55E00,#F35701,#CE31FD,#F71E55,#3A2201,#DC0D01,#FF7B00,#C518D3
-1.69,0.9225,#CB0000,#C55E00,#F45701,#CF32FD,#F71E55,#3A2301,#DC0D01,#FF7C00,#C518D3
-1.68,0.92,#CC0000,#C55E00,#F55701,#CF33FD,#F81E55,#3B2301,#DD0E01,#FF7C00,#C619D4
-1.67,0.9175,#CC0000,#C65F00,#F55801,#CF34FD,#F81F55,#3C2401,#DD0E01,#FF7D00,#C61AD4
-1.66,0.915,#CD0000,#C65F00,#F65801,#D035FD,#F91F55,#3D2401,#DD0F01,#FF7D00,#C71BD4
-1.65,0.9125,#CD0000,#C65F00,#F65801,#D035FD,#F91F56,#3E2501,#DD0F01,#FF7E00,#C71CD5
-1.64,0.91,#CE0000,#C66000,#F75801,#D036FD,#F91F56,#3F2501,#DE1001,#FF7E00,#C71CD5
-1.63,0.9075,#CE0000,#C66000,#F75801,#D037FD,#FA1F56,#3F2601,#DE1001,#FF7F00,#C81DD6
-1.62,0.905,#CE0000,#C66000,#F85901,#D138FE,#FA1F56,#402601,#DE1001,#FF7F00,#C81ED6
-1.61,0.9025,#CF0000,#C66000,#F95901,#D139FE,#FB1F57,#412701,#DE1101,#FF7F00,#C91FD6
-1.6,0.9,#CF0000,#C76100,#F95901,#D13AFE,#FB2057,#422701,#DF1101,#FF8000,#C91FD7
-1.59,0.8975,#D00000,#C76100,#FA5901,#D13AFE,#FB2057,#432801,#DF1201,#FF8000,#C920D7
-1.58,0.895,#D00000,#C76100,#FA5901,#D23BFE,#FC2057,#432801,#DF1201,#FF8100,#CA21D7
-1.57,0.8925,#D10000,#C76200,#FB5A01,#D23CFE,#FC2057,#442901,#DF1301,#FF8100,#CA22D8
-1.56,0.89,#D10000,#C76200,#FC5A01,#D23DFE,#FD2058,#452901,#E01301,#FF8200,#CB23D8
-1.55,0.8875,#D20000,#C76200,#FC5A01,#D33EFE,#FD2058,#462A01,#E01401,#FF8200,#CB23D9
-1.54,0.885,#D20000,#C76300,#FD5A01,#D33FFF,#FD2058,#472A01,#E01401,#FF8300,#CB24D9
-1.53,0.8825,#D30000,#C86300,#FD5A01,#D33FFF,#FE2158,#482B01,#E11401,#FF8300,#CC25D9
-1.52,0.88,#D30000,#C86300,#FE5B01,#D340FF,#FE2159,#482B01,#E11501,#FF8300,#CC26DA
-1.51,0.8775,#D40000,#C86400,#FE5B01,#D441FF,#FF2159,#492C01,#E11501,#FF8400,#CD27DA
-1.5,0.875,#D40000,#C86400,#FF5B01,#D442FF,#FF2159,#4A2C01,#E11601,#FF8400,#CD27DA
-1.49,0.8725,#D40200,#C96500,#FF5B01,#D442FF,#FF2159,#4B2D01,#E21601,#FF8500,#CD28DB
-1.48,0.87,#D50300,#C96500,#FF5C01,#D442FF,#FF2159,#4C2D01,#E21701,#FF8500,#CE29DB
-1.47,0.8675,#D50500,#CA6600,#FF5C01,#D442FF,#FF2159,#4C2E01,#E21701,#FF8600,#CE2ADB
-1.46,0.865,#D60600,#CA6600,#FF5D01,#D442FF,#FF2159,#4D2E01,#E21701,#FF8600,#CF2ADC
-1.45,0.8625,#D60800,#CB6700,#FF5D01,#D442FF,#FF2159,#4E2F01,#E31801,#FF8700,#CF2BDC
-1.44,0.86,#D70900,#CB6700,#FF5E01,#D442FF,#FF2159,#4F2F01,#E31801,#FF8700,#CF2CDD
-1.43,0.8575,#D70B00,#CC6800,#FF5E01,#D442FF,#FF2159,#503001,#E31901,#FF8700,#D02DDD
-1.42,0.855,#D70D00,#CC6800,#FF5F01,#D442FF,#FF2159,#513001,#E31901,#FF8800,#D02EDD
-1.41,0.8525,#D80E00,#CD6900,#FF5F01,#D442FF,#FF2159,#513101,#E41A01,#FF8800,#D12EDE
-1.4,0.85,#D81000,#CE6900,#FF6001,#D442FF,#FF2159,#523101,#E41A01,#FF8900,#D12FDE
-1.39,0.8475,#D91100,#CE6A00,#FF6001,#D442FF,#FF2159,#533201,#E41A01,#FF8900,#D130DE
-1.38,0.845,#D91300,#CF6A00,#FF6101,#D442FF,#FF2159,#543201,#E51B01,#FF8A00,#D231DF
-1.37,0.8425,#DA1400,#CF6B00,#FF6101,#D442FF,#FF2159,#553301,#E51B01,#FF8A00,#D232DF
-1.36,0.84,#DA1600,#D06B00,#FF6201,#D442FF,#FF2159,#563301,#E51C01,#FF8B00,#D332DF
-1.35,0.8375,#DA1800,#D06C00,#FF6201,#D442FF,#FF2159,#563401,#E51C01,#FF8B00,#D333E0
-1.34,0.835,#DB1900,#D16C00,#FF6301,#D442FF,#FF2159,#573401,#E61D01,#FF8B00,#D334E0
-1.33,0.8325,#DB1B00,#D16D00,#FF6301,#D442FF,#FF2159,#583501,#E61D01,#FF8C00,#D435E1
-1.32,0.83,#DC1C00,#D26E00,#FF6401,#D442FF,#FF2159,#593501,#E61D01,#FF8C00,#D435E1
-1.31,0.8275,#DC1E00,#D26E00,#FF6401,#D442FF,#FF2159,#5A3601,#E61E01,#FF8D00,#D536E1
-1.3,0.825,#DD1F00,#D36F00,#FF6501,#D442FF,#FF2159,#5B3601,#E71E01,#FF8D00,#D537E2
-1.29,0.8225,#DD2100,#D46F00,#FF6501,#D442FF,#FF2159,#5B3700,#E71F01,#FF8E00,#D538E2
-1.28,0.82,#DD2300,#D47000,#FF6601,#D442FF,#FF2159,#5C3700,#E71F01,#FF8E00,#D639E2
-1.27,0.8175,#DE2400,#D57000,#FF6601,#D442FF,#FF2159,#5D3800,#E72001,#FF8F00,#D639E3
-1.26,0.815,#DE2600,#D57100,#FF6701,#D442FF,#FF2159,#5E3800,#E82001,#FF8F00,#D73AE3
-1.25,0.8125,#DF2700,#D67100,#FF6701,#D442FF,#FF2159,#5F3900,#E82102,#FF9000,#D73BE4
-1.24,0.81,#DF2900,#D67200,#FF6801,#D442FF,#FF2159,#5F3900,#E82102,#FF9000,#D73CE4
-1.23,0.8075,#E02A00,#D77200,#FF6801,#D442FF,#FF2159,#603A00,#E92102,#FF9000,#D83DE4
-1.22,0.805,#E02C00,#D77300,#FF6901,#D442FF,#FF2159,#613A00,#E92202,#FF9100,#D83DE5
-1.21,0.8025,#E02E00,#D87300,#FF6901,#D442FF,#FF2159,#623B00,#E92202,#FF9100,#D93EE5
-1.2,0.8,#E12F00,#D97400,#FF6A01,#D442FF,#FF2159,#633B00,#E92302,#FF9200,#D93FE5
-1.19,0.7975,#E13100,#D97400,#FF6A01,#D442FF,#FF2159,#643C00,#EA2302,#FF9200,#D940E6
-1.18,0.795,#E23200,#DA7500,#FF6B01,#D442FF,#FF2159,#643C00,#EA2402,#FF9300,#DA41E6
-1.17,0.7925,#E23400,#DA7500,#FF6B01,#D442FF,#FF2159,#653D00,#EA2402,#FF9300,#DA41E6
-1.16,0.79,#E33500,#DB7600,#FF6C01,#D442FF,#FF2159,#663D00,#EA2402,#FF9400,#DB42E7
-1.15,0.7875,#E33700,#DB7700,#FF6C01,#D442FF,#FF2159,#673E00,#EB2502,#FF9400,#DB43E7
-1.14,0.785,#E33900,#DC7700,#FF6D01,#D442FF,#FF2159,#683E00,#EB2502,#FF9400,#DB44E8
-1.13,0.7825,#E43A00,#DC7800,#FF6D01,#D442FF,#FF2159,#693F00,#EB2602,#FF9500,#DC44E8
-1.12,0.78,#E43C00,#DD7800,#FF6E01,#D442FF,#FF2159,#693F00,#EB2602,#FF9500,#DC45E8
-1.11,0.7775,#E53D00,#DD7900,#FF6E01,#D442FF,#FF2159,#6A4000,#EC2702,#FF9600,#DD46E9
-1.1,0.775,#E53F00,#DE7900,#FF6F01,#D442FF,#FF2159,#6B4000,#EC2702,#FF9600,#DD47E9
-1.09,0.7725,#E64000,#DF7A00,#FF6F01,#D646F2,#FF2957,#724500,#EC2702,#FF9700,#DD48E9
-1.08,0.77,#E64200,#DF7A00,#FF7001,#D849E6,#FF3255,#7A4A00,#ED2802,#FF9700,#DE48EA
-1.07,0.7675,#E64400,#E07B00,#FF7001,#DA4DD9,#FF3A53,#814F00,#ED2802,#FF9800,#DE49EA
-1.06,0.765,#E74500,#E07B00,#FF7101,#DD51CC,#FF4250,#895500,#ED2902,#FF9800,#DF4AEA
-1.05,0.7625,#E74700,#E17C00,#FF7101,#DF55C0,#FF4B4E,#905A00,#ED2902,#FF9800,#DF4BEB
-1.04,0.76,#E84800,#E17C00,#FF7201,#E158B3,#FF534C,#975F00,#EE2A02,#FF9900,#DF4CEB
-1.03,0.7575,#E84A00,#E27D00,#FF7201,#E35CA6,#FF5B4A,#9F6400,#EE2A02,#FF9900,#E04CEC
-1.02,0.755,#E94B00,#E27D00,#FF7301,#E56099,#FF6348,#A66900,#EE2A02,#FF9A00,#E04DEC
-1.01,0.7525,#E94D00,#E37E00,#FF7301,#E7638D,#FF6C46,#AE6E00,#EE2B02,#FF9A00,#E14EEC
-1,0.75,#EA4E00,#E47F00,#FF7401,#EA6780,#FF7444,#B57400,#EF2B02,#FF9B00,#E14FED
-0.99,0.7475,#EA5000,#E47F00,#FF7401,#EC6B73,#FF7C41,#BC7900,#EF2C02,#FF9B00,#E14FED
-0.98,0.745,#EA5200,#E58000,#FF7401,#EE6E67,#FF853F,#C47E00,#EF2C02,#FF9C00,#E250ED
-0.97,0.7425,#EB5300,#E58000,#FF7501,#F0725A,#FF8D3D,#CB8300,#EF2D02,#FF9C00,#E251EE
-0.96,0.74,#EB5500,#E68100,#FF7501,#F2764D,#FF953B,#D38800,#F02D02,#FF9C00,#E352EE
-0.95,0.7375,#EC5600,#E68100,#FF7601,#F47A41,#FF9E39,#DA8D00,#F02E02,#FF9D00,#E353EF
-0.94,0.735,#EC5800,#E78200,#FF7601,#F67D34,#FFA637,#E19200,#F02E02,#FF9D00,#E353EF
-0.93,0.7325,#ED5900,#E78200,#FF7701,#F98127,#FFAE34,#E99800,#F12E02,#FF9E00,#E454EF
-0.92,0.73,#ED5B00,#E88300,#FF7701,#FB851A,#FFB632,#F09D00,#F12F02,#FF9E00,#E455F0
-0.91,0.7275,#ED5D00,#E88300,#FF7801,#FD880E,#FFBF30,#F8A200,#F12F02,#FF9F00,#E556F0
-0.9,0.725,#EE5E00,#E98400,#FF7801,#FF8C01,#FFC72E,#FFA700,#F13002,#FF9F00,#E557F0
-0.89,0.7225,#EE6000,#EA8400,#FF7901,#FF8D01,#FFC82E,#FFA800,#F23002,#FFA000,#E557F1
-0.88,0.72,#EF6100,#EA8500,#FF7901,#FF8E01,#FFC82E,#FFA900,#F23102,#FFA000,#E658F1
-0.87,0.7175,#EF6300,#EB8500,#FF7A01,#FF9001,#FFC92E,#FFAA00,#F23102,#FFA000,#E659F1
-0.86,0.715,#F06400,#EB8600,#FF7A01,#FF9101,#FFCA2E,#FFAB00,#F23102,#FFA100,#E75AF2
-0.85,0.7125,#F06600,#EC8600,#FF7B01,#FF9201,#FFCB2E,#FFAC00,#F33202,#FFA100,#E75AF2
-0.84,0.71,#F06800,#EC8700,#FF7B01,#FF9301,#FFCB2E,#FFAD00,#F33202,#FFA200,#E75BF3
-0.83,0.7075,#F16900,#ED8800,#FF7C01,#FF9401,#FFCC2E,#FFAE00,#F33302,#FFA200,#E85CF3
-0.82,0.705,#F16B00,#ED8800,#FF7C01,#FF9501,#FFCD2E,#FFAF00,#F33302,#FFA300,#E85DF3
-0.81,0.7025,#F26C00,#EE8900,#FF7D01,#FF9701,#FFCD2E,#FFB000,#F43402,#FFA300,#E95EF4
-0.8,0.7,#F26E00,#EF8900,#FF7D01,#FF9801,#FFCE2E,#FFB100,#F43402,#FFA400,#E95EF4
-0.79,0.6975,#F36F00,#EF8A00,#FF7E01,#FF9901,#FFCF2E,#FFB200,#F43402,#FFA400,#E95FF4
-0.78,0.695,#F37100,#F08A00,#FF7E01,#FF9A01,#FFCF2E,#FFB300,#F53502,#FFA400,#EA60F5
-0.77,0.6925,#F37300,#F08B00,#FF7F01,#FF9B01,#FFD02E,#FFB400,#F53502,#FFA500,#EA61F5
-0.76,0.69,#F47400,#F18B00,#FF7F01,#FF9C01,#FFD12E,#FFB500,#F53602,#FFA500,#EB62F5
-0.75,0.6875,#F47600,#F18C00,#FF8001,#FF9E01,#FFD22E,#FFB600,#F53603,#FFA600,#EB62F6
-0.74,0.685,#F57700,#F28C00,#FF8001,#FF9F01,#FFD22E,#FFB700,#F63703,#FFA600,#EB63F6
-0.73,0.6825,#F57900,#F28D00,#FF8101,#FFA001,#FFD32E,#FFB800,#F63703,#FFA700,#EC64F7
-0.72,0.68,#F67A00,#F38D00,#FF8101,#FFA101,#FFD42E,#FFB900,#F63703,#FFA700,#EC65F7
-0.71,0.6775,#F67C00,#F38E00,#FF8201,#FFA201,#FFD42E,#FFBA00,#F63803,#FFA800,#ED65F7
-0.7,0.675,#F67E00,#F48E00,#FF8201,#FFA401,#FFD52E,#FFBB00,#F73803,#FFA800,#ED66F8
-0.69,0.6725,#F77F00,#F58F00,#FF8301,#FFA501,#FFD62E,#FFBB00,#F73903,#FFA900,#ED67F8
-0.68,0.67,#F78100,#F58F00,#FF8301,#FFA601,#FFD62E,#FFBC00,#F73903,#FFA900,#EE68F8
-0.67,0.6675,#F88200,#F69000,#FF8401,#FFA701,#FFD72E,#FFBD00,#F73A03,#FFA900,#EE69F9
-0.66,0.665,#F88400,#F69100,#FF8401,#FFA801,#FFD82E,#FFBE00,#F83A03,#FFAA00,#EF69F9
-0.65,0.6625,#F98500,#F79100,#FF8501,#FFA901,#FFD92E,#FFBF00,#F83B03,#FFAA00,#EF6AFA
-0.64,0.66,#F98700,#F79200,#FF8501,#FFAB01,#FFD92E,#FFC000,#F83B03,#FFAB00,#EF6BFA
-0.63,0.6575,#F98900,#F89200,#FF8601,#FFAC01,#FFDA2E,#FFC100,#F93B03,#FFAB00,#F06CFA
-0.62,0.655,#FA8A00,#F89300,#FF8601,#FFAD01,#FFDB2E,#FFC200,#F93C03,#FFAC00,#F06DFB
-0.61,0.6525,#FA8C00,#F99300,#FF8701,#FFAE01,#FFDB2E,#FFC300,#F93C03,#FFAC00,#F16DFB
-0.6,0.65,#FB8D00,#FA9400,#FF8701,#FFAF01,#FFDC2E,#FFC400,#F93D03,#FFAD00,#F16EFB
-0.59,0.6475,#FB8F00,#FA9400,#FF8801,#FFB001,#FFDD2E,#FFC500,#FA3D03,#FFAD00,#F16FFC
-0.58,0.645,#FC9000,#FB9500,#FF8801,#FFB201,#FFDD2E,#FFC600,#FA3E03,#FFAD00,#F270FC
-0.57,0.6425,#FC9200,#FB9500,#FF8901,#FFB301,#FFDE2E,#FFC700,#FA3E03,#FFAE00,#F270FC
-0.56,0.64,#FC9400,#FC9600,#FF8901,#FFB401,#FFDF2E,#FFC800,#FA3E03,#FFAE00,#F371FD
-0.55,0.6375,#FD9500,#FC9600,#FF8A01,#FFB501,#FFE02E,#FFC900,#FB3F03,#FFAF00,#F372FD
-0.54,0.635,#FD9700,#FD9700,#FF8A01,#FFB601,#FFE02E,#FFCA00,#FB3F03,#FFAF00,#F373FE
-0.53,0.6325,#FE9800,#FD9700,#FF8B01,#FFB701,#FFE12E,#FFCB00,#FB4003,#FFB000,#F474FE
-0.52,0.63,#FE9A00,#FE9800,#FF8B01,#FFB901,#FFE22E,#FFCC00,#FB4003,#FFB000,#F474FE
-0.51,0.6275,#FF9B00,#FE9800,#FF8C01,#FFBA01,#FFE22E,#FFCD00,#FC4103,#FFB100,#F575FF
-0.5,0.625,#FF9D00,#FF9900,#FF8C01,#FFBB01,#FFE32E,#FFCE00,#FC4103,#FFB100,#F576FF
-0.49,0.6225,#FEA002,#FF9F00,#FF9205,#FEBC07,#FEE333,#FECF06,#FB4609,#FEB206,#F479FE
-0.48,0.62,#FDA304,#FFA600,#FF980A,#FDBD0E,#FDE338,#FDCF0D,#FB4A10,#FDB40D,#F47CFD
-0.47,0.6175,#FDA607,#FFAC00,#FF9E0F,#FDBE14,#FDE33E,#FDD013,#FA4F16,#FDB513,#F37FFD
-0.46,0.615,#FCA909,#FFB300,#FFA413,#FCC01B,#FCE343,#FCD01A,#F9541D,#FCB71A,#F382FC
-0.45,0.6125,#FBAC0B,#FFB900,#FFAA18,#FBC121,#FBE348,#FBD120,#F85823,#FBB820,#F286FB
-0.44,0.61,#FAAF0D,#FFBF01,#FFAF1C,#FAC228,#FAE34D,#FAD227,#F85D29,#FABA27,#F289FA
-0.43,0.6075,#F9B20F,#FFC601,#FFB521,#F9C32E,#F9E352,#F9D22D,#F76130,#F9BB2D,#F18CF9
-0.42,0.605,#F9B512,#FFCC01,#FFBB25,#F9C435,#F9E357,#F9D334,#F66636,#F9BC34,#F18FF9
-0.41,0.6025,#F8B814,#FFD301,#FFC12A,#F8C53B,#F8E35D,#F8D33A,#F66B3D,#F8BE3A,#F092F8
-0.4,0.6,#F7BB16,#FFD901,#FFC72E,#F7C642,#F7E362,#F7D441,#F56F43,#F7BF41,#F095F7
-0.39,0.5975,#F8BF18,#FFDC01,#FFCA2E,#F6C848,#F6E367,#F6D547,#F47449,#F6C147,#EF98F6
-0.38,0.595,#F9C31B,#FFDF01,#FFCD2E,#F5C94E,#F5E36C,#F5D54E,#F37950,#F5C24E,#EF9BF5
-0.37,0.5925,#F9C71D,#FFE101,#FFCF2E,#F5CA55,#F5E371,#F5D654,#F37D56,#F5C454,#EE9EF5
-0.36,0.59,#FACB20,#FFE401,#FFD22E,#F4CB5B,#F4E376,#F4D65B,#F2825D,#F4C55B,#EEA2F4
-0.35,0.5875,#FBCF22,#FFE701,#FFD52E,#F3CC62,#F3E37C,#F3D761,#F18663,#F3C661,#EDA5F3
-0.34,0.585,#FCD324,#FFEA01,#FFD82E,#F2CD68,#F2E381,#F2D868,#F18B69,#F2C868,#EDA8F2
-0.33,0.5825,#FDD727,#FFED01,#FFDB2E,#F1CE6F,#F1E386,#F1D86E,#F09070,#F1C96E,#ECABF1
-0.32,0.58,#FDDB29,#FFEF01,#FFDD2E,#F1D075,#F1E38B,#F1D975,#EF9476,#F1CB75,#ECAEF1
-0.31,0.5775,#FEDF2C,#FFF201,#FFE02E,#F0D17C,#F0E390,#F0D97B,#EE997D,#F0CC7B,#EBB1F0
-0.3,0.575,#FFE32E,#FFF501,#FFE32E,#EFD282,#EFE395,#EFDA82,#EE9E83,#EFCE82,#EBB4EF
-0.29,0.5725,#FDE33A,#FDF410,#FDE33A,#EED389,#EEE39B,#EEDB88,#EDA289,#EECF88,#EAB7EE
-0.28,0.57,#FBE346,#FBF31F,#FBE346,#EDD48F,#EDE3A0,#EDDB8F,#ECA790,#EDD08F,#EABBED
-0.27,0.5675,#F9E352,#F9F12E,#F9E352,#EDD596,#EDE3A5,#EDDC95,#ECAB96,#EDD295,#E9BEED
-0.26,0.565,#F8E35E,#F8F03D,#F8E35E,#ECD69C,#ECE3AA,#ECDC9C,#EBB09D,#ECD39C,#E9C1EC
-0.25,0.5625,#F6E36A,#F6EF4C,#F6E36A,#EBD8A2,#EBE3AF,#EBDDA2,#EAB5A3,#EBD5A2,#E8C4EB
-0.24,0.56,#F4E376,#F4EE5B,#F4E376,#EAD9A9,#EAE3B4,#EADEA9,#E9B9A9,#EAD6A9,#E8C7EA
-0.23,0.5575,#F2E382,#F2ED6A,#F2E382,#E9DAAF,#E9E3BA,#E9DEAF,#E9BEB0,#E9D8AF,#E7CAE9
-0.22,0.555,#F0E38F,#F0EB7A,#F0E38F,#E9DBB6,#E9E3BF,#E9DFB6,#E8C3B6,#E9D9B6,#E7CDE9
-0.21,0.5525,#EEE39B,#EEEA89,#EEE39B,#E8DCBC,#E8E3C4,#E8DFBC,#E7C7BD,#E8DABC,#E6D0E8
-0.2,0.55,#ECE3A7,#ECE998,#ECE3A7,#E7DDC3,#E7E3C9,#E7E0C3,#E7CCC3,#E7DCC3,#E6D3E7
-0.19,0.5475,#EAE3B3,#EAE8A7,#EAE3B3,#E6DEC9,#E6E3CE,#E6E1C9,#E6D0C9,#E6DDC9,#E5D7E6
-0.18,0.545,#E9E3BF,#E9E7B6,#E9E3BF,#E5E0D0,#E5E3D3,#E5E1D0,#E5D5D0,#E5DFD0,#E5DAE5
-0.17,0.5425,#E7E3CB,#E7E5C5,#E7E3CB,#E5E1D6,#E5E3D9,#E5E2D6,#E4DAD6,#E5E0D6,#E4DDE5
-0.16,0.54,#E5E3D7,#E5E4D4,#E5E3D7,#E4E2DD,#E4E3DE,#E4E2DD,#E4DEDD,#E4E2DD,#E4E0E4
-0.15,0.5375,#E3E3E3,#E3E3E3,#E3E3E3,#E3E3E3,#E3E3E3,#E3E3E3,#E3E3E3,#E3E3E3,#E3E3E3
-0.14,0.535,#E3E3E3,#E3E3E3,#E3E3E3,#E3E3E3,#E3E3E3,#E3E3E3,#E3E3E3,#E3E3E3,#E3E3E3
-0.13,0.5325,#E3E3E3,#E3E3E3,#E3E3E3,#E3E3E3,#E3E3E3,#E3E3E3,#E3E3E3,#E3E3E3,#E3E3E3
-0.12,0.53,#E3E3E3,#E3E3E3,#E3E3E3,#E3E3E3,#E3E3E3,#E3E3E3,#E3E3E3,#E3E3E3,#E3E3E3
-0.11,0.5275,#E3E3E3,#E3E3E3,#E3E3E3,#E3E3E3,#E3E3E3,#E3E3E3,#E3E3E3,#E3E3E3,#E3E3E3
-0.1,0.525,#E3E3E3,#E3E3E3,#E3E3E3,#E3E3E3,#E3E3E3,#E3E3E3,#E3E3E3,#E3E3E3,#E3E3E3
-0.09,0.5225,#E3E3E3,#E3E3E3,#E3E3E3,#E3E3E3,#E3E3E3,#E3E3E3,#E3E3E3,#E3E3E3,#E3E3E3
-0.08,0.52,#E3E3E3,#E3E3E3,#E3E3E3,#E3E3E3,#E3E3E3,#E3E3E3,#E3E3E3,#E3E3E3,#E3E3E3
-0.07,0.5175,#E3E3E3,#E3E3E3,#E3E3E3,#E3E3E3,#E3E3E3,#E3E3E3,#E3E3E3,#E3E3E3,#E3E3E3
-0.06,0.515,#E3E3E3,#E3E3E3,#E3E3E3,#E3E3E3,#E3E3E3,#E3E3E3,#E3E3E3,#E3E3E3,#E3E3E3
-0.05,0.5125,#E3E3E3,#E3E3E3,#E3E3E3,#E3E3E3,#E3E3E3,#E3E3E3,#E3E3E3,#E3E3E3,#E3E3E3
-0.04,0.51,#E3E3E3,#E3E3E3,#E3E3E3,#E3E3E3,#E3E3E3,#E3E3E3,#E3E3E3,#E3E3E3,#E3E3E3
-0.03,0.5075,#E3E3E3,#E3E3E3,#E3E3E3,#E3E3E3,#E3E3E3,#E3E3E3,#E3E3E3,#E3E3E3,#E3E3E3
-0.02,0.505,#E3E3E3,#E3E3E3,#E3E3E3,#E3E3E3,#E3E3E3,#E3E3E3,#E3E3E3,#E3E3E3,#E3E3E3
-0.01,0.5025,#E3E3E3,#E3E3E3,#E3E3E3,#E3E3E3,#E3E3E3,#E3E3E3,#E3E3E3,#E3E3E3,#E3E3E3
0,0.5,#E3E3E3,#E3E3E3,#E3E3E3,#E3E3E3,#E3E3E3,#E3E3E3,#E3E3E3,#E3E3E3,#E3E3E3
0.01,0.4975,#E3E3E3,#E3E3E3,#E3E3E3,#E3E3E3,#E3E3E3,#E3E3E3,#E3E3E3,#E3E3E3,#E3E3E3
0.02,0.495,#E3E3E3,#E3E3E3,#E3E3E3,#E3E3E3,#E3E3E3,#E3E3E3,#E3E3E3,#E3E3E3,#E3E3E3
0.03,0.4925,#E3E3E3,#E3E3E3,#E3E3E3,#E3E3E3,#E3E3E3,#E3E3E3,#E3E3E3,#E3E3E3,#E3E3E3
0.04,0.49,#E3E3E3,#E3E3E3,#E3E3E3,#E3E3E3,#E3E3E3,#E3E3E3,#E3E3E3,#E3E3E3,#E3E3E3
0.05,0.4875,#E3E3E3,#E3E3E3,#E3E3E3,#E3E3E3,#E3E3E3,#E3E3E3,#E3E3E3,#E3E3E3,#E3E3E3
0.06,0.485,#E3E3E3,#E3E3E3,#E3E3E3,#E3E3E3,#E3E3E3,#E3E3E3,#E3E3E3,#E3E3E3,#E3E3E3
0.07,0.4825,#E3E3E3,#E3E3E3,#E3E3E3,#E3E3E3,#E3E3E3,#E3E3E3,#E3E3E3,#E3E3E3,#E3E3E3
0.08,0.48,#E3E3E3,#E3E3E3,#E3E3E3,#E3E3E3,#E3E3E3,#E3E3E3,#E3E3E3,#E3E3E3,#E3E3E3
0.09,0.4775,#E3E3E3,#E3E3E3,#E3E3E3,#E3E3E3,#E3E3E3,#E3E3E3,#E3E3E3,#E3E3E3,#E3E3E3
0.1,0.475,#E3E3E3,#E3E3E3,#E3E3E3,#E3E3E3,#E3E3E3,#E3E3E3,#E3E3E3,#E3E3E3,#E3E3E3
0.11,0.4725,#E3E3E3,#E3E3E3,#E3E3E3,#E3E3E3,#E3E3E3,#E3E3E3,#E3E3E3,#E3E3E3,#E3E3E3
0.12,0.47,#E3E3E3,#E3E3E3,#E3E3E3,#E3E3E3,#E3E3E3,#E3E3E3,#E3E3E3,#E3E3E3,#E3E3E3
0.13,0.4675,#E3E3E3,#E3E3E3,#E3E3E3,#E3E3E3,#E3E3E3,#E3E3E3,#E3E3E3,#E3E3E3,#E3E3E3
0.14,0.465,#E3E3E3,#E3E3E3,#E3E3E3,#E3E3E3,#E3E3E3,#E3E3E3,#E3E3E3,#E3E3E3,#E3E3E3
0.15,0.4625,#E3E3E3,#E3E3E3,#E3E3E3,#E3E3E3,#E3E3E3,#E3E3E3,#E3E3E3,#E3E3E3,#E3E3E3
0.16,0.46,#E0E2E4,#DDE2E2,#E3E1E4,#DDE2E2,#E0E2E4,#DFE2E1,#E0E2E4,#E3E1E4,#DDE4E0
0.17,0.4575,#DCE1E5,#D6E2E1,#E2DFE4,#D6E2E1,#DCE1E5,#DAE1E0,#DCE1E5,#E2DFE4,#D6E4DD
0.18,0.455,#D9E0E5,#D0E1E1,#E2DDE5,#D0E1E1,#D9E0E5,#D6E0DE,#D9E0E5,#E2DDE5,#D0E5D9
0.19,0.4525,#D6DFE6,#C9E1E0,#E1DBE6,#C9E1E0,#D6DFE6,#D1DFDC,#D6DFE6,#E1DBE6,#C9E5D6
0.2,0.45,#D2DEE7,#C3E0DF,#E1D9E7,#C3E0DF,#D2DEE7,#CDDFDB,#D2DEE7,#E1D9E7,#C3E6D3
0.21,0.4475,#CFDDE8,#BCE0DE,#E0D7E7,#BCE0DE,#CFDDE8,#C9DED9,#CFDDE8,#E0D7E7,#BCE6D0
0.22,0.445,#CCDCE9,#B6DFDD,#E0D5E8,#B6DFDD,#CCDCE9,#C4DDD7,#CCDCE9,#E0D5E8,#B6E7CD
0.23,0.4425,#C8DBE9,#B0DEDD,#DFD3E9,#B0DEDD,#C8DBE9,#C0DCD6,#C8DBE9,#DFD3E9,#AFE8CA
0.24,0.44,#C5DAEA,#A9DEDC,#DFD1EA,#A9DEDC,#C5DAEA,#BBDBD4,#C5DAEA,#DFD1EA,#A9E8C6
0.25,0.4375,#C2D9EB,#A3DDDB,#DECFEA,#A3DDDB,#C2D9EB,#B7DAD2,#C2D9EB,#DECFEA,#A2E9C3
0.26,0.435,#BFD8EC,#9CDDDA,#DECDEB,#9CDDDA,#BFD8EC,#B3D9D0,#BFD8EC,#DECDEB,#9CE9C0
0.27,0.4325,#BBD7ED,#96DCD9,#DDCBEC,#96DCD9,#BBD7ED,#AED8CF,#BBD7ED,#DDCBEC,#95EABD
0.28,0.43,#B8D6ED,#8FDCD9,#DDC9ED,#8FDCD9,#B8D6ED,#AAD7CD,#B8D6ED,#DDC9ED,#8FEABA
0.29,0.4275,#B5D5EE,#89DBD8,#DCC7ED,#89DBD8,#B5D5EE,#A5D7CB,#B5D5EE,#DCC7ED,#88EBB7
0.3,0.425,#B1D4EF,#83DAD7,#DCC5EE,#83DAD7,#B1D4EF,#A1D6CA,#B1D4EF,#DCC5EE,#82ECB3
0.31,0.4225,#AED3F0,#7CDAD6,#DBC3EF,#7CDAD6,#AED3F0,#9DD5C8,#AED3F0,#DBC3EF,#7BECB0
0.32,0.42,#ABD2F1,#76D9D5,#DBC1F0,#76D9D5,#ABD2F1,#98D4C6,#ABD2F1,#DBC1F0,#75EDAD
0.33,0.4175,#A7D1F1,#6FD9D5,#DABFF0,#6FD9D5,#A7D1F1,#94D3C5,#A7D1F1,#DABFF0,#6EEDAA
0.34,0.415,#A4D0F2,#69D8D4,#DABDF1,#69D8D4,#A4D0F2,#8FD2C3,#A4D0F2,#DABDF1,#68EEA7
0.35,0.4125,#A1CFF3,#62D8D3,#D9BBF2,#62D8D3,#A1CFF3,#8BD1C1,#A1CFF3,#D9BBF2,#61EEA4
0.36,0.41,#9DCEF4,#5CD7D2,#D9B9F3,#5CD7D2,#9DCEF4,#87D0C0,#9DCEF4,#D9B9F3,#5BEFA0
0.37,0.4075,#9ACDF5,#56D6D1,#D8B7F3,#56D6D1,#9ACDF5,#82D0BE,#9ACDF5,#D8B7F3,#54F09D
0.38,0.405,#97CCF5,#4FD6D1,#D8B5F4,#4FD6D1,#97CCF5,#7ECFBC,#97CCF5,#D8B5F4,#4EF09A
0.39,0.4025,#93CBF6,#49D5D0,#D7B3F5,#49D5D0,#93CBF6,#79CEBB,#93CBF6,#D7B3F5,#47F197
0.4,0.4,#90CAF7,#42D5CF,#D7B1F6,#42D5CF,#90CAF7,#75CDB9,#90CAF7,#D7B1F6,#41F194
0.41,0.3975,#8DC9F8,#3CD4CE,#D6AFF6,#3CD4CE,#8DC9F8,#71CCB7,#8DC9F8,#D6AFF6,#3AF291
0.42,0.395,#8AC8F9,#35D4CD,#D6ADF7,#35D4CD,#8AC8F9,#6CCBB5,#8AC8F9,#D6ADF7,#34F28D
0.43,0.3925,#86C7F9,#2FD3CD,#D5ABF8,#2FD3CD,#86C7F9,#68CAB4,#86C7F9,#D5ABF8,#2DF38A
0.44,0.39,#83C6FA,#29D2CC,#D5A9F9,#29D2CC,#83C6FA,#63C9B2,#83C6FA,#D5A9F9,#27F487
0.45,0.3875,#80C5FB,#22D2CB,#D4A7F9,#22D2CB,#80C5FB,#5FC8B0,#80C5FB,#D4A7F9,#20F484
0.46,0.385,#7CC4FC,#1CD1CA,#D4A5FA,#1CD1CA,#7CC4FC,#5BC8AF,#7CC4FC,#D4A5FA,#1AF581
0.47,0.3825,#79C3FD,#15D1C9,#D3A3FB,#15D1C9,#79C3FD,#56C7AD,#79C3FD,#D3A3FB,#13F57E
0.48,0.38,#76C2FD,#0FD0C9,#D3A1FC,#0FD0C9,#76C2FD,#52C6AB,#76C2FD,#D3A1FC,#0DF67A
0.49,0.3775,#72C1FE,#08D0C8,#D29FFC,#08D0C8,#72C1FE,#4DC5AA,#72C1FE,#D29FFC,#06F677
0.5,0.375,#6FC0FF,#02CFC7,#D29DFD,#02CFC7,#6FC0FF,#49C4A8,#6FC0FF,#D29DFD,#00F774
0.51,0.3725,#6FC0FF,#02CFC7,#D29DFD,#02CFC7,#6FC0FF,#49C4A8,#6FC0FF,#D29DFD,#00F774
0.52,0.37,#6FC0FF,#02CFC7,#D29DFD,#02CFC7,#6FC0FF,#49C4A8,#6FC0FF,#D29DFD,#00F774
0.53,0.3675,#6FC0FF,#02CFC7,#D29CFD,#02CFC7,#6FC0FF,#49C3A7,#6FC0FF,#D29CFD,#00F774
0.54,0.365,#6EC0FF,#02CEC6,#D29CFD,#02CEC6,#6EC0FF,#48C3A7,#6EC0FF,#D29CFD,#00F674
0.55,0.3625,#6EC0FF,#02CEC6,#D29CFD,#02CEC6,#6EC0FF,#48C3A7,#6EC0FF,#D29CFD,#00F674
0.56,0.36,#6EC0FF,#02CEC6,#D19CFD,#02CEC6,#6EC0FF,#48C3A7,#6EC0FF,#D19CFD,#00F674
0.57,0.3575,#6EBFFF,#02CEC6,#D19CFD,#02CEC6,#6EBFFF,#48C3A7,#6EBFFF,#D19CFD,#00F673
0.58,0.355,#6EBFFF,#02CEC6,#D19CFD,#02CEC6,#6EBFFF,#48C2A6,#6EBFFF,#D19CFD,#00F673
0.59,0.3525,#6EBFFF,#02CEC6,#D19BFD,#02CEC6,#6EBFFF,#48C2A6,#6EBFFF,#D19BFD,#00F673
0.6,0.35,#6DBFFF,#02CEC6,#D19BFD,#02CEC6,#6DBFFF,#48C2A6,#6DBFFF,#D19BFD,#00F573
0.61,0.3475,#6DBFFF,#02CDC5,#D19BFD,#02CDC5,#6DBFFF,#48C2A6,#6DBFFF,#D19BFD,#00F573
0.62,0.345,#6DBFFF,#02CDC5,#D19BFD,#02CDC5,#6DBFFF,#47C2A6,#6DBFFF,#D19BFD,#00F573
0.63,0.3425,#6DBFFF,#02CDC5,#D19BFD,#02CDC5,#6DBFFF,#47C1A5,#6DBFFF,#D19BFD,#00F573
0.64,0.34,#6DBFFF,#02CDC5,#D19AFD,#02CDC5,#6DBFFF,#47C1A5,#6DBFFF,#D19AFD,#00F573
0.65,0.3375,#6DBFFF,#02CDC5,#D19AFD,#02CDC5,#6DBFFF,#47C1A5,#6DBFFF,#D19AFD,#00F573
0.66,0.335,#6CBFFE,#02CDC5,#D19AFD,#02CDC5,#6CBFFE,#47C1A5,#6CBFFE,#D19AFD,#00F473
0.67,0.3325,#6CBFFE,#02CDC5,#D19AFD,#02CDC5,#6CBFFE,#47C0A5,#6CBFFE,#D19AFD,#00F473
0.68,0.33,#6CBFFE,#02CCC4,#D09AFD,#02CCC4,#6CBFFE,#47C0A4,#6CBFFE,#D09AFD,#00F473
0.69,0.3275,#6CBEFE,#02CCC4,#D09AFD,#02CCC4,#6CBEFE,#46C0A4,#6CBEFE,#D09AFD,#00F473
0.7,0.325,#6CBEFE,#02CCC4,#D099FD,#02CCC4,#6CBEFE,#46C0A4,#6CBEFE,#D099FD,#00F473
0.71,0.3225,#6CBEFE,#02CCC4,#D099FD,#02CCC4,#6CBEFE,#46C0A4,#6CBEFE,#D099FD,#00F472
0.72,0.32,#6BBEFE,#02CCC4,#D099FD,#02CCC4,#6BBEFE,#46BFA4,#6BBEFE,#D099FD,#00F372
0.73,0.3175,#6BBEFE,#02CCC4,#D099FD,#02CCC4,#6BBEFE,#46BFA3,#6BBEFE,#D099FD,#00F372
0.74,0.315,#6BBEFE,#02CBC3,#D099FD,#02CBC3,#6BBEFE,#46BFA3,#6BBEFE,#D099FD,#00F372
0.75,0.3125,#6BBEFE,#02CBC3,#D099FD,#02CBC3,#6BBEFE,#46BFA3,#6BBEFE,#D099FD,#00F372
0.76,0.31,#6BBEFE,#02CBC3,#D098FD,#02CBC3,#6BBEFE,#46BFA3,#6BBEFE,#D098FD,#00F372
0.77,0.3075,#6BBEFE,#02CBC3,#D098FD,#02CBC3,#6BBEFE,#45BEA3,#6BBEFE,#D098FD,#00F372
0.78,0.305,#6BBEFE,#02CBC3,#D098FD,#02CBC3,#6BBEFE,#45BEA2,#6BBEFE,#D098FD,#00F272
0.79,0.3025,#6ABEFE,#02CBC3,#CF98FD,#02CBC3,#6ABEFE,#45BEA2,#6ABEFE,#CF98FD,#00F272
0.8,0.3,#6ABEFE,#02CBC3,#CF98FD,#02CBC3,#6ABEFE,#45BEA2,#6ABEFE,#CF98FD,#00F272
0.81,0.2975,#6ABEFE,#02CAC2,#CF97FD,#02CAC2,#6ABEFE,#45BEA2,#6ABEFE,#CF97FD,#00F272
0.82,0.295,#6ABDFE,#02CAC2,#CF97FD,#02CAC2,#6ABDFE,#45BDA2,#6ABDFE,#CF97FD,#00F272
0.83,0.2925,#6ABDFE,#02CAC2,#CF97FD,#02CAC2,#6ABDFE,#45BDA1,#6ABDFE,#CF97FD,#00F272
0.84,0.29,#6ABDFE,#02CAC2,#CF97FD,#02CAC2,#6ABDFE,#44BDA1,#6ABDFE,#CF97FD,#00F172
0.85,0.2875,#69BDFE,#02CAC2,#CF97FD,#02CAC2,#69BDFE,#44BDA1,#69BDFE,#CF97FD,#00F171
0.86,0.285,#69BDFE,#02CAC2,#CF97FD,#02CAC2,#69BDFE,#44BDA1,#69BDFE,#CF97FD,#00F171
0.87,0.2825,#69BDFE,#02CAC2,#CF96FD,#02CAC2,#69BDFE,#44BCA1,#69BDFE,#CF96FD,#00F171
0.88,0.28,#69BDFE,#01C9C1,#CF96FD,#01C9C1,#69BDFE,#44BCA0,#69BDFE,#CF96FD,#00F171
0.89,0.2775,#69BDFE,#01C9C1,#CF96FD,#01C9C1,#69BDFE,#44BCA0,#69BDFE,#CF96FD,#00F171
0.9,0.275,#69BDFE,#01C9C1,#CF96FD,#01C9C1,#69BDFE,#44BCA0,#69BDFE,#CF96FD,#00F071
0.91,0.2725,#68BDFE,#01C9C1,#CE96FD,#01C9C1,#68BDFE,#44BCA0,#68BDFE,#CE96FD,#00F071
0.92,0.27,#68BDFE,#01C9C1,#CE95FD,#01C9C1,#68BDFE,#43BBA0,#68BDFE,#CE95FD,#00F071
0.93,0.2675,#68BDFE,#01C9C1,#CE95FD,#01C9C1,#68BDFE,#43BB9F,#68BDFE,#CE95FD,#00F071
0.94,0.265,#68BCFE,#01C9C1,#CE95FD,#01C9C1,#68BCFE,#43BB9F,#68BCFE,#CE95FD,#00F071
0.95,0.2625,#68BCFE,#01C8C0,#CE95FD,#01C8C0,#68BCFE,#43BB9F,#68BCFE,#CE95FD,#00F071
0.96,0.26,#68BCFD,#01C8C0,#CE95FD,#01C8C0,#68BCFD,#43BA9F,#68BCFD,#CE95FD,#00EF71
0.97,0.2575,#67BCFD,#01C8C0,#CE95FD,#01C8C0,#67BCFD,#43BA9F,#67BCFD,#CE95FD,#00EF71
0.98,0.255,#67BCFD,#01C8C0,#CE94FD,#01C8C0,#67BCFD,#43BA9E,#67BCFD,#CE94FD,#00EF70
0.99,0.2525,#67BCFD,#01C8C0,#CE94FD,#01C8C0,#67BCFD,#42BA9E,#67BCFD,#CE94FD,#00EF70
1,0.25,#67BCFD,#01C8C0,#CE94FD,#01C8C0,#67BCFD,#42BA9E,#67BCFD,#CE94FD,#00EF70
1.01,0.2475,#67BCFD,#01C8C0,#CE94FD,#01C8C0,#67BCFD,#42B99E,#67BCFD,#CE94FD,#00EF70
1.02,0.245,#67BCFD,#01C7BF,#CD94FD,#01C7BF,#67BCFD,#42B99E,#67BCFD,#CD94FD,#00EE70
1.03,0.2425,#67BCFD,#01C7BF,#CD93FD,#01C7BF,#67BCFD,#42B99D,#67BCFD,#CD93FD,#00EE70
1.04,0.24,#66BCFD,#01C7BF,#CD93FD,#01C7BF,#66BCFD,#42B99D,#66BCFD,#CD93FD,#00EE70
1.05,0.2375,#66BCFD,#01C7BF,#CD93FD,#01C7BF,#66BCFD,#42B99D,#66BCFD,#CD93FD,#00EE70
1.06,0.235,#66BCFD,#01C7BF,#CD93FD,#01C7BF,#66BCFD,#42B89D,#66BCFD,#CD93FD,#00EE70
1.07,0.2325,#66BBFD,#01C7BF,#CD93FD,#01C7BF,#66BBFD,#41B89D,#66BBFD,#CD93FD,#00EE70
1.08,0.23,#66BBFD,#01C6BE,#CD93FD,#01C6BE,#66BBFD,#41B89C,#66BBFD,#CD93FD,#00ED70
1.09,0.2275,#66BBFD,#01C6BE,#CD92FD,#01C6BE,#66BBFD,#41B89C,#66BBFD,#CD92FD,#00ED70
1.1,0.225,#65BBFD,#01C6BE,#CD92FD,#01C6BE,#65BBFD,#41B89C,#65BBFD,#CD92FD,#00ED70
1.11,0.2225,#65BBFD,#01C6BE,#CD92FD,#01C6BE,#65BBFD,#41B79C,#65BBFD,#CD92FD,#00ED70
1.12,0.22,#65BBFD,#01C6BE,#CD92FD,#01C6BE,#65BBFD,#41B79C,#65BBFD,#CD92FD,#00ED6F
1.13,0.2175,#65BBFD,#01C6BE,#CD92FD,#01C6BE,#65BBFD,#41B79B,#65BBFD,#CD92FD,#00ED6F
1.14,0.215,#65BBFD,#01C6BE,#CC91FD,#01C6BE,#65BBFD,#40B79B,#65BBFD,#CC91FD,#00EC6F
1.15,0.2125,#65BBFD,#01C5BD,#CC91FD,#01C5BD,#65BBFD,#40B79B,#65BBFD,#CC91FD,#00EC6F
1.16,0.21,#64BBFD,#01C5BD,#CC91FD,#01C5BD,#64BBFD,#40B69B,#64BBFD,#CC91FD,#00EC6F
1.17,0.2075,#64BBFD,#01C5BD,#CC91FD,#01C5BD,#64BBFD,#40B69B,#64BBFD,#CC91FD,#00EC6F
1.18,0.205,#64BBFD,#01C5BD,#CC91FD,#01C5BD,#64BBFD,#40B69A,#64BBFD,#CC91FD,#00EC6F
1.19,0.2025,#64BAFD,#01C5BD,#CC91FD,#01C5BD,#64BAFD,#40B69A,#64BAFD,#CC91FD,#00EC6F
1.2,0.2,#64BAFD,#01C5BD,#CC90FD,#01C5BD,#64BAFD,#40B69A,#64BAFD,#CC90FD,#00EB6F
1.21,0.1975,#64BAFD,#01C5BD,#CC90FD,#01C5BD,#64BAFD,#40B59A,#64BAFD,#CC90FD,#00EB6F
1.22,0.195,#63BAFD,#01C4BC,#CC90FD,#01C4BC,#63BAFD,#3FB59A,#63BAFD,#CC90FD,#00EB6F
1.23,0.1925,#63BAFD,#01C4BC,#CC90FD,#01C4BC,#63BAFD,#3FB599,#63BAFD,#CC90FD,#00EB6F
1.24,0.19,#63BAFD,#01C4BC,#CC90FD,#01C4BC,#63BAFD,#3FB599,#63BAFD,#CC90FD,#00EB6F
1.25,0.1875,#63BAFD,#01C4BC,#CC90FD,#01C4BC,#63BAFD,#3FB599,#63BAFD,#CC90FD,#00EB6F
1.26,0.185,#63BAFC,#01C4BC,#CB8FFD,#01C4BC,#63BAFC,#3FB499,#63BAFC,#CB8FFD,#00EA6E
1.27,0.1825,#63BAFC,#01C4BC,#CB8FFD,#01C4BC,#63BAFC,#3FB499,#63BAFC,#CB8FFD,#00EA6E
1.28,0.18,#63BAFC,#01C4BC,#CB8FFD,#01C4BC,#63BAFC,#3FB498,#63BAFC,#CB8FFD,#00EA6E
1.29,0.1775,#62BAFC,#01C3BB,#CB8FFD,#01C3BB,#62BAFC,#3EB498,#62BAFC,#CB8FFD,#00EA6E
1.3,0.175,#62BAFC,#01C3BB,#CB8FFD,#01C3BB,#62BAFC,#3EB398,#62BAFC,#CB8FFD,#00EA6E
1.31,0.1725,#62BAFC,#01C3BB,#CB8EFD,#01C3BB,#62BAFC,#3EB398,#62BAFC,#CB8EFD,#00EA6E
1.32,0.17,#62B9FC,#01C3BB,#CB8EFD,#01C3BB,#62B9FC,#3EB398,#62B9FC,#CB8EFD,#00E96E
1.33,0.1675,#62B9FC,#01C3BB,#CB8EFD,#01C3BB,#62B9FC,#3EB397,#62B9FC,#CB8EFD,#00E96E
1.34,0.165,#62B9FC,#01C3BB,#CB8EFD,#01C3BB,#62B9FC,#3EB397,#62B9FC,#CB8EFD,#00E96E
1.35,0.1625,#61B9FC,#01C3BB,#CB8EFD,#01C3BB,#61B9FC,#3EB297,#61B9FC,#CB8EFD,#00E96E
1.36,0.16,#61B9FC,#01C2BA,#CB8EFD,#01C2BA,#61B9FC,#3EB297,#61B9FC,#CB8EFD,#00E96E
1.37,0.1575,#61B9FC,#01C2BA,#CA8DFD,#01C2BA,#61B9FC,#3DB297,#61B9FC,#CA8DFD,#00E96E
1.38,0.155,#61B9FC,#01C2BA,#CA8DFD,#01C2BA,#61B9FC,#3DB296,#61B9FC,#CA8DFD,#00E86E
1.39,0.1525,#61B9FC,#01C2BA,#CA8DFD,#01C2BA,#61B9FC,#3DB296,#61B9FC,#CA8DFD,#00E86D
1.4,0.15,#61B9FC,#01C2BA,#CA8DFD,#01C2BA,#61B9FC,#3DB196,#61B9FC,#CA8DFD,#00E86D
1.41,0.1475,#60B9FC,#01C2BA,#CA8DFD,#01C2BA,#60B9FC,#3DB196,#60B9FC,#CA8DFD,#00E86D
1.42,0.145,#60B9FC,#01C2BA,#CA8CFD,#01C2BA,#60B9FC,#3DB196,#60B9FC,#CA8CFD,#00E86D
1.43,0.1425,#60B9FC,#01C1B9,#CA8CFD,#01C1B9,#60B9FC,#3DB195,#60B9FC,#CA8CFD,#00E86D
1.44,0.14,#60B8FC,#01C1B9,#CA8CFD,#01C1B9,#60B8FC,#3CB195,#60B8FC,#CA8CFD,#00E76D
1.45,0.1375,#60B8FC,#01C1B9,#CA8CFD,#01C1B9,#60B8FC,#3CB095,#60B8FC,#CA8CFD,#00E76D
1.46,0.135,#60B8FC,#01C1B9,#CA8CFD,#01C1B9,#60B8FC,#3CB095,#60B8FC,#CA8CFD,#00E76D
1.47,0.1325,#5FB8FC,#01C1B9,#CA8CFD,#01C1B9,#5FB8FC,#3CB095,#5FB8FC,#CA8CFD,#00E76D
1.48,0.13,#5FB8FC,#01C1B9,#CA8BFD,#01C1B9,#5FB8FC,#3CB094,#5FB8FC,#CA8BFD,#00E76D
1.49,0.1275,#5FB8FC,#01C0B8,#C98BFD,#01C0B8,#5FB8FC,#3CB094,#5FB8FC,#C98BFD,#00E76D
1.5,0.125,#5FB8FC,#01C0B8,#C98BFD,#01C0B8,#5FB8FC,#3CAF94,#5FB8FC,#C98BFD,#00E66D
1.51,0.1225,#5FB8FC,#01C0B8,#C98BFD,#01C0B8,#5FB8FC,#3CAF94,#5FB8FC,#C98BFD,#00E66D
1.52,0.12,#5FB8FC,#01C0B8,#C98BFD,#01C0B8,#5FB8FC,#3BAF94,#5FB8FC,#C98BFD,#00E66D
1.53,0.1175,#5FB8FC,#01C0B8,#C98AFD,#01C0B8,#5FB8FC,#3BAF93,#5FB8FC,#C98AFD,#00E66C
1.54,0.115,#5EB8FC,#01C0B8,#C98AFD,#01C0B8,#5EB8FC,#3BAF93,#5EB8FC,#C98AFD,#00E66C
1.55,0.1125,#5EB8FC,#01C0B8,#C98AFD,#01C0B8,#5EB8FC,#3BAE93,#5EB8FC,#C98AFD,#00E66C
1.56,0.11,#5EB8FB,#01BFB7,#C98AFD,#01BFB7,#5EB8FB,#3BAE93,#5EB8FB,#C98AFD,#00E56C
1.57,0.1075,#5EB7FB,#01BFB7,#C98AFD,#01BFB7,#5EB7FB,#3BAE93,#5EB7FB,#C98AFD,#00E56C
1.58,0.105,#5EB7FB,#01BFB7,#C98AFD,#01BFB7,#5EB7FB,#3BAE92,#5EB7FB,#C98AFD,#00E56C
1.59,0.1025,#5EB7FB,#01BFB7,#C989FD,#01BFB7,#5EB7FB,#3AAD92,#5EB7FB,#C989FD,#00E56C
1.6,0.1,#5DB7FB,#01BFB7,#C889FD,#01BFB7,#5DB7FB,#3AAD92,#5DB7FB,#C889FD,#00E56C
1.61,0.0975,#5DB7FB,#01BFB7,#C889FD,#01BFB7,#5DB7FB,#3AAD92,#5DB7FB,#C889FD,#00E56C
1.62,0.095,#5DB7FB,#01BFB7,#C889FD,#01BFB7,#5DB7FB,#3AAD92,#5DB7FB,#C889FD,#00E46C
1.63,0.0925,#5DB7FB,#00BEB6,#C889FD,#00BEB6,#5DB7FB,#3AAD91,#5DB7FB,#C889FD,#00E46C
1.64,0.09,#5DB7FB,#00BEB6,#C888FD,#00BEB6,#5DB7FB,#3AAC91,#5DB7FB,#C888FD,#00E46C
1.65,0.0875,#5DB7FB,#00BEB6,#C888FD,#00BEB6,#5DB7FB,#3AAC91,#5DB7FB,#C888FD,#00E46C
1.66,0.085,#5CB7FB,#00BEB6,#C888FD,#00BEB6,#5CB7FB,#3AAC91,#5CB7FB,#C888FD,#00E46B
1.67,0.0825,#5CB7FB,#00BEB6,#C888FD,#00BEB6,#5CB7FB,#39AC91,#5CB7FB,#C888FD,#00E46B
1.68,0.08,#5CB7FB,#00BEB6,#C888FD,#00BEB6,#5CB7FB,#39AC90,#5CB7FB,#C888FD,#00E36B
1.69,0.0775,#5CB6FB,#00BEB6,#C888FD,#00BEB6,#5CB6FB,#39AB90,#5CB6FB,#C888FD,#00E36B
1.7,0.075,#5CB6FB,#00BDB5,#C887FD,#00BDB5,#5CB6FB,#39AB90,#5CB6FB,#C887FD,#00E36B
1.71,0.0725,#5CB6FB,#00BDB5,#C887FD,#00BDB5,#5CB6FB,#39AB90,#5CB6FB,#C887FD,#00E36B
1.72,0.07,#5BB6FB,#00BDB5,#C787FD,#00BDB5,#5BB6FB,#39AB90,#5BB6FB,#C787FD,#00E36B
1.73,0.0675,#5BB6FB,#00BDB5,#C787FD,#00BDB5,#5BB6FB,#39AB8F,#5BB6FB,#C787FD,#00E36B
1.74,0.065,#5BB6FB,#00BDB5,#C787FD,#00BDB5,#5BB6FB,#38AA8F,#5BB6FB,#C787FD,#00E26B
1.75,0.0625,#5BB6FB,#00BDB5,#C787FD,#00BDB5,#5BB6FB,#38AA8F,#5BB6FB,#C787FD,#00E26B
1.76,0.06,#5BB6FB,#00BDB5,#C786FD,#00BDB5,#5BB6FB,#38AA8F,#5BB6FB,#C786FD,#00E26B
1.77,0.0575,#5BB6FB,#00BCB4,#C786FD,#00BCB4,#5BB6FB,#38AA8F,#5BB6FB,#C786FD,#00E26B
1.78,0.055,#5BB6FB,#00BCB4,#C786FD,#00BCB4,#5BB6FB,#38AA8E,#5BB6FB,#C786FD,#00E26B
1.79,0.0525,#5AB6FB,#00BCB4,#C786FD,#00BCB4,#5AB6FB,#38A98E,#5AB6FB,#C786FD,#00E26B
1.8,0.05,#5AB6FB,#00BCB4,#C786FD,#00BCB4,#5AB6FB,#38A98E,#5AB6FB,#C786FD,#00E16A
1.81,0.0475,#5AB6FB,#00BCB4,#C785FD,#00BCB4,#5AB6FB,#38A98E,#5AB6FB,#C785FD,#00E16A
1.82,0.045,#5AB5FB,#00BCB4,#C785FD,#00BCB4,#5AB5FB,#37A98E,#5AB5FB,#C785FD,#00E16A
1.83,0.0425,#5AB5FB,#00BBB3,#C685FD,#00BBB3,#5AB5FB,#37A98D,#5AB5FB,#C685FD,#00E16A
1.84,0.04,#5AB5FB,#00BBB3,#C685FD,#00BBB3,#5AB5FB,#37A88D,#5AB5FB,#C685FD,#00E16A
1.85,0.0375,#59B5FB,#00BBB3,#C685FD,#00BBB3,#59B5FB,#37A88D,#59B5FB,#C685FD,#00E16A
1.86,0.035,#59B5FA,#00BBB3,#C685FD,#00BBB3,#59B5FA,#37A88D,#59B5FA,#C685FD,#00E06A
1.87,0.0325,#59B5FA,#00BBB3,#C684FD,#00BBB3,#59B5FA,#37A88D,#59B5FA,#C684FD,#00E06A
1.88,0.03,#59B5FA,#00BBB3,#C684FD,#00BBB3,#59B5FA,#37A78C,#59B5FA,#C684FD,#00E06A
1.89,0.0275,#59B5FA,#00BBB3,#C684FD,#00BBB3,#59B5FA,#36A78C,#59B5FA,#C684FD,#00E06A
1.9,0.025,#59B5FA,#00BAB2,#C684FD,#00BAB2,#59B5FA,#36A78C,#59B5FA,#C684FD,#00E06A
1.91,0.0225,#58B5FA,#00BAB2,#C684FD,#00BAB2,#58B5FA,#36A78C,#58B5FA,#C684FD,#00E06A
1.92,0.02,#58B5FA,#00BAB2,#C683FD,#00BAB2,#58B5FA,#36A78C,#58B5FA,#C683FD,#00DF6A
1.93,0.0175,#58B5FA,#00BAB2,#C683FD,#00BAB2,#58B5FA,#36A68B,#58B5FA,#C683FD,#00DF6A
1.94,0.015,#58B4FA,#00BAB2,#C683FD,#00BAB2,#58B4FA,#36A68B,#58B4FA,#C683FD,#00DF69
1.95,0.0125,#58B4FA,#00BAB2,#C583FD,#00BAB2,#58B4FA,#36A68B,#58B4FA,#C583FD,#00DF69
1.96,0.01,#58B4FA,#00BAB2,#C583FD,#00BAB2,#58B4FA,#36A68B,#58B4FA,#C583FD,#00DF69
1.97,0.0075,#57B4FA,#00B9B1,#C583FD,#00B9B1,#57B4FA,#35A68B,#57B4FA,#C583FD,#00DF69
1.98,0.005,#57B4FA,#00B9B1,#C582FD,#00B9B1,#57B4FA,#35A58A,#57B4FA,#C582FD,#00DE69
1.99,0.0025,#57B4FA,#00B9B1,#C582FD,#00B9B1,#57B4FA,#35A58A,#57B4FA,#C582FD,#00DE69
2,0,#57B4FA,#00B9B1,#C582FD,#00B9B1,#57B4FA,#35A58A,#57B4FA,#C582FD,#00DE69
